INSERT INTO public.category (category_id, name, description, is_active) VALUES (43, 'Ropa', 'Descripción de la ropa', true);
INSERT INTO public.endpoint (id, url, base_path, dynamic_path, http_method, is_public, is_active) VALUES (39, '/auth/callback', '/auth', 'callback', 'GET', true, true);
INSERT INTO public.endpoint (id, url, base_path, dynamic_path, http_method, is_public, is_active) VALUES (40, '/v3/api-docs/swagger-config', '/v3', 'api-docs/swagger-config', 'GET', false, true);
INSERT INTO public.endpoint (id, url, base_path, dynamic_path, http_method, is_public, is_active) VALUES (41, '/auth/provider/{provider}', '/auth', 'provider/{provider}', 'GET', true, true);
INSERT INTO public.endpoint (id, url, base_path, dynamic_path, http_method, is_public, is_active) VALUES (42, '/auth/register', '/auth', 'register', 'POST', true, true);
INSERT INTO public.endpoint (id, url, base_path, dynamic_path, http_method, is_public, is_active) VALUES (43, '/auth/login', '/auth', 'login', 'POST', true, true);
INSERT INTO public.endpoint (id, url, base_path, dynamic_path, http_method, is_public, is_active) VALUES (44, '/swagger-ui.html', '/swagger-ui.html', '', 'GET', false, true);
INSERT INTO public.endpoint (id, url, base_path, dynamic_path, http_method, is_public, is_active) VALUES (45, '/v3/api-docs', '/v3', 'api-docs', 'GET', false, true);
INSERT INTO public.endpoint (id, url, base_path, dynamic_path, http_method, is_public, is_active) VALUES (27, '/products/search', '/products', 'search', 'POST', true, true);
INSERT INTO public.endpoint (id, url, base_path, dynamic_path, http_method, is_public, is_active) VALUES (6, '/category/{id}', '/category', '{id}', 'GET', true, true);
INSERT INTO public.endpoint (id, url, base_path, dynamic_path, http_method, is_public, is_active) VALUES (7, '/category/search', '/category', 'search', 'POST', true, true);
INSERT INTO public.endpoint (id, url, base_path, dynamic_path, http_method, is_public, is_active) VALUES (16, '/products/{id}', '/products', '{id}', 'GET', true, true);
INSERT INTO public.endpoint (id, url, base_path, dynamic_path, http_method, is_public, is_active) VALUES (31, '/products/{id}/images/{imgId}', '/products', '{id}/images/{imgId}', 'DELETE', false, true);
INSERT INTO public.endpoint (id, url, base_path, dynamic_path, http_method, is_public, is_active) VALUES (1, '/products/{id}/reviews', '/products', '{id}/reviews', 'GET', false, true);
INSERT INTO public.endpoint (id, url, base_path, dynamic_path, http_method, is_public, is_active) VALUES (3, '/address/{id}', '/address', '{id}', 'PUT', false, true);
INSERT INTO public.endpoint (id, url, base_path, dynamic_path, http_method, is_public, is_active) VALUES (9, '/reviews', '/reviews', '', 'POST', false, true);
INSERT INTO public.endpoint (id, url, base_path, dynamic_path, http_method, is_public, is_active) VALUES (11, '/address/{id}', '/address', '{id}', 'DELETE', false, true);
INSERT INTO public.endpoint (id, url, base_path, dynamic_path, http_method, is_public, is_active) VALUES (14, '/address/search', '/address', 'search', 'GET', false, true);
INSERT INTO public.endpoint (id, url, base_path, dynamic_path, http_method, is_public, is_active) VALUES (15, '/orders/{id}', '/orders', '{id}', 'GET', false, true);
INSERT INTO public.endpoint (id, url, base_path, dynamic_path, http_method, is_public, is_active) VALUES (19, '/orders', '/orders', '', 'POST', false, true);
INSERT INTO public.endpoint (id, url, base_path, dynamic_path, http_method, is_public, is_active) VALUES (21, '/address/{id}', '/address', '{id}', 'GET', false, true);
INSERT INTO public.endpoint (id, url, base_path, dynamic_path, http_method, is_public, is_active) VALUES (22, '/address', '/address', '', 'POST', false, true);
INSERT INTO public.endpoint (id, url, base_path, dynamic_path, http_method, is_public, is_active) VALUES (25, '/reviews/{id}', '/reviews', '{id}', 'DELETE', false, true);
INSERT INTO public.endpoint (id, url, base_path, dynamic_path, http_method, is_public, is_active) VALUES (29, '/reviews/{id}', '/reviews', '{id}', 'GET', false, true);
INSERT INTO public.endpoint (id, url, base_path, dynamic_path, http_method, is_public, is_active) VALUES (30, '/orders', '/orders', '', 'GET', false, true);
INSERT INTO public.endpoint (id, url, base_path, dynamic_path, http_method, is_public, is_active) VALUES (2, '/v3/api-docs.yaml', '/v3', 'api-docs.yaml', 'GET', false, true);
INSERT INTO public.endpoint (id, url, base_path, dynamic_path, http_method, is_public, is_active) VALUES (4, '/category', '/category', '', 'POST', false, true);
INSERT INTO public.endpoint (id, url, base_path, dynamic_path, http_method, is_public, is_active) VALUES (5, '/products/{id}', '/products', '{id}', 'DELETE', false, true);
INSERT INTO public.endpoint (id, url, base_path, dynamic_path, http_method, is_public, is_active) VALUES (10, '/endpoints/{id}', '/endpoints', '{id}', 'PUT', false, true);
INSERT INTO public.endpoint (id, url, base_path, dynamic_path, http_method, is_public, is_active) VALUES (12, '/products', '/products', '', 'POST', false, true);
INSERT INTO public.endpoint (id, url, base_path, dynamic_path, http_method, is_public, is_active) VALUES (13, '/category/{id}', '/category', '{id}', 'PUT', false, true);
INSERT INTO public.endpoint (id, url, base_path, dynamic_path, http_method, is_public, is_active) VALUES (17, '/products/{id}/images', '/products', '{id}/images', 'POST', false, true);
INSERT INTO public.endpoint (id, url, base_path, dynamic_path, http_method, is_public, is_active) VALUES (18, '/roles/{id}/endpoints', '/roles', '{id}/endpoints', 'POST', false, true);
INSERT INTO public.endpoint (id, url, base_path, dynamic_path, http_method, is_public, is_active) VALUES (20, '/category/{id}', '/category', '{id}', 'DELETE', false, true);
INSERT INTO public.endpoint (id, url, base_path, dynamic_path, http_method, is_public, is_active) VALUES (23, '/products/{id}', '/products', '{id}', 'PUT', false, true);
INSERT INTO public.endpoint (id, url, base_path, dynamic_path, http_method, is_public, is_active) VALUES (24, '/roles/sync', '/roles', 'sync', 'POST', false, true);
INSERT INTO public.endpoint (id, url, base_path, dynamic_path, http_method, is_public, is_active) VALUES (26, '/endpoints/sync', '/endpoints', 'sync', 'POST', false, true);
INSERT INTO public.endpoint (id, url, base_path, dynamic_path, http_method, is_public, is_active) VALUES (28, '/backup/create', '/backup', 'create', 'POST', false, true);
INSERT INTO public.endpoint (id, url, base_path, dynamic_path, http_method, is_public, is_active) VALUES (8, '/products/{id}/images', '/products', '{id}/images', 'GET', true, true);
INSERT INTO public.endpoint (id, url, base_path, dynamic_path, http_method, is_public, is_active) VALUES (33, '/auth/logout', '/auth', 'logout', 'POST', true, true);
INSERT INTO public.endpoint (id, url, base_path, dynamic_path, http_method, is_public, is_active) VALUES (35, '/users/me', '/users', 'me', 'GET', false, true);
INSERT INTO public.endpoint (id, url, base_path, dynamic_path, http_method, is_public, is_active) VALUES (38, '/auth/refresh-token', '/auth', 'refresh-token', 'GET', true, true);
INSERT INTO public.endpoint (id, url, base_path, dynamic_path, http_method, is_public, is_active) VALUES (47, '/category/{id}/attributes', '/category', '{id}/attributes', 'POST', false, true);
INSERT INTO public.endpoint (id, url, base_path, dynamic_path, http_method, is_public, is_active) VALUES (49, '/category/{id}/attributes', '/category', '{id}/attributes', 'PUT', false, true);
INSERT INTO public.endpoint (id, url, base_path, dynamic_path, http_method, is_public, is_active) VALUES (50, '/orders/{id}/vouchers', '/orders', '{id}/vouchers', 'GET', false, true);
INSERT INTO public.endpoint (id, url, base_path, dynamic_path, http_method, is_public, is_active) VALUES (51, '/payments/create', '/payments', 'create', 'POST', false, true);
INSERT INTO public.endpoint (id, url, base_path, dynamic_path, http_method, is_public, is_active) VALUES (52, '/category', '/category', '', 'GET', true, true);
INSERT INTO public.endpoint (id, url, base_path, dynamic_path, http_method, is_public, is_active) VALUES (48, '/category/{id}/attributes', '/category', '{id}/attributes', 'GET', true, true);
INSERT INTO public.endpoint (id, url, base_path, dynamic_path, http_method, is_public, is_active) VALUES (53, '/products/{id}/attributes', '/products', '{id}/attributes', 'POST', false, true);
INSERT INTO public.endpoint (id, url, base_path, dynamic_path, http_method, is_public, is_active) VALUES (54, '/products/{id}/attributes', '/products', '{id}/attributes', 'GET', false, true);
INSERT INTO public.role (id, name, external_id, is_active) VALUES (1, 'user', '843d9d89-e362-42bb-8cf5-889c47b0c70e', true);
INSERT INTO public.role (id, name, external_id, is_active) VALUES (2, 'admin', 'dad3ae27-d39e-4ed4-be7b-3e57edb1e32e', true);
INSERT INTO public.role (id, name, external_id, is_active) VALUES (3, 'uma_protection', 'dca9785b-6205-493a-885b-5fa36d772efa', true);
INSERT INTO public.role_endpoint (id, rol_id, endpoint_id, is_active) VALUES (1, 2, 1, true);
INSERT INTO public.role_endpoint (id, rol_id, endpoint_id, is_active) VALUES (2, 2, 2, true);
INSERT INTO public.role_endpoint (id, rol_id, endpoint_id, is_active) VALUES (3, 2, 3, true);
INSERT INTO public.role_endpoint (id, rol_id, endpoint_id, is_active) VALUES (4, 2, 4, true);
INSERT INTO public.role_endpoint (id, rol_id, endpoint_id, is_active) VALUES (5, 2, 5, true);
INSERT INTO public.role_endpoint (id, rol_id, endpoint_id, is_active) VALUES (6, 2, 6, true);
INSERT INTO public.role_endpoint (id, rol_id, endpoint_id, is_active) VALUES (7, 2, 7, true);
INSERT INTO public.role_endpoint (id, rol_id, endpoint_id, is_active) VALUES (8, 2, 8, true);
INSERT INTO public.role_endpoint (id, rol_id, endpoint_id, is_active) VALUES (9, 2, 9, true);
INSERT INTO public.role_endpoint (id, rol_id, endpoint_id, is_active) VALUES (10, 2, 10, true);
INSERT INTO public.role_endpoint (id, rol_id, endpoint_id, is_active) VALUES (11, 2, 11, true);
INSERT INTO public.role_endpoint (id, rol_id, endpoint_id, is_active) VALUES (12, 2, 12, true);
INSERT INTO public.role_endpoint (id, rol_id, endpoint_id, is_active) VALUES (13, 2, 13, true);
INSERT INTO public.role_endpoint (id, rol_id, endpoint_id, is_active) VALUES (14, 2, 14, true);
INSERT INTO public.role_endpoint (id, rol_id, endpoint_id, is_active) VALUES (15, 2, 15, true);
INSERT INTO public.role_endpoint (id, rol_id, endpoint_id, is_active) VALUES (16, 2, 16, true);
INSERT INTO public.role_endpoint (id, rol_id, endpoint_id, is_active) VALUES (17, 2, 17, true);
INSERT INTO public.role_endpoint (id, rol_id, endpoint_id, is_active) VALUES (18, 2, 18, true);
INSERT INTO public.role_endpoint (id, rol_id, endpoint_id, is_active) VALUES (19, 2, 19, true);
INSERT INTO public.role_endpoint (id, rol_id, endpoint_id, is_active) VALUES (20, 2, 20, true);
INSERT INTO public.role_endpoint (id, rol_id, endpoint_id, is_active) VALUES (21, 2, 21, true);
INSERT INTO public.role_endpoint (id, rol_id, endpoint_id, is_active) VALUES (22, 2, 22, true);
INSERT INTO public.role_endpoint (id, rol_id, endpoint_id, is_active) VALUES (23, 2, 23, true);
INSERT INTO public.role_endpoint (id, rol_id, endpoint_id, is_active) VALUES (24, 2, 24, true);
INSERT INTO public.role_endpoint (id, rol_id, endpoint_id, is_active) VALUES (25, 2, 25, true);
INSERT INTO public.role_endpoint (id, rol_id, endpoint_id, is_active) VALUES (26, 2, 26, true);
INSERT INTO public.role_endpoint (id, rol_id, endpoint_id, is_active) VALUES (27, 2, 27, true);
INSERT INTO public.role_endpoint (id, rol_id, endpoint_id, is_active) VALUES (28, 2, 28, true);
INSERT INTO public.role_endpoint (id, rol_id, endpoint_id, is_active) VALUES (29, 2, 29, true);
INSERT INTO public.role_endpoint (id, rol_id, endpoint_id, is_active) VALUES (30, 2, 30, true);
INSERT INTO public.role_endpoint (id, rol_id, endpoint_id, is_active) VALUES (31, 1, 1, true);
INSERT INTO public.role_endpoint (id, rol_id, endpoint_id, is_active) VALUES (32, 1, 3, true);
INSERT INTO public.role_endpoint (id, rol_id, endpoint_id, is_active) VALUES (33, 1, 6, true);
INSERT INTO public.role_endpoint (id, rol_id, endpoint_id, is_active) VALUES (34, 1, 7, true);
INSERT INTO public.role_endpoint (id, rol_id, endpoint_id, is_active) VALUES (35, 1, 8, true);
INSERT INTO public.role_endpoint (id, rol_id, endpoint_id, is_active) VALUES (36, 1, 9, true);
INSERT INTO public.role_endpoint (id, rol_id, endpoint_id, is_active) VALUES (37, 1, 11, true);
INSERT INTO public.role_endpoint (id, rol_id, endpoint_id, is_active) VALUES (38, 1, 14, true);
INSERT INTO public.role_endpoint (id, rol_id, endpoint_id, is_active) VALUES (39, 1, 15, true);
INSERT INTO public.role_endpoint (id, rol_id, endpoint_id, is_active) VALUES (40, 1, 16, true);
INSERT INTO public.role_endpoint (id, rol_id, endpoint_id, is_active) VALUES (41, 1, 19, true);
INSERT INTO public.role_endpoint (id, rol_id, endpoint_id, is_active) VALUES (42, 1, 21, true);
INSERT INTO public.role_endpoint (id, rol_id, endpoint_id, is_active) VALUES (43, 1, 22, true);
INSERT INTO public.role_endpoint (id, rol_id, endpoint_id, is_active) VALUES (44, 1, 25, true);
INSERT INTO public.role_endpoint (id, rol_id, endpoint_id, is_active) VALUES (45, 1, 27, true);
INSERT INTO public.role_endpoint (id, rol_id, endpoint_id, is_active) VALUES (46, 1, 29, true);
INSERT INTO public.role_endpoint (id, rol_id, endpoint_id, is_active) VALUES (47, 1, 30, true);
INSERT INTO public.role_endpoint (id, rol_id, endpoint_id, is_active) VALUES (48, 1, 35, true);
INSERT INTO public.role_endpoint (id, rol_id, endpoint_id, is_active) VALUES (49, 2, 35, true);
INSERT INTO public.role_endpoint (id, rol_id, endpoint_id, is_active) VALUES (51, 2, 47, true);
INSERT INTO public.role_endpoint (id, rol_id, endpoint_id, is_active) VALUES (53, 2, 49, true);
INSERT INTO public.role_endpoint (id, rol_id, endpoint_id, is_active) VALUES (54, 2, 50, true);
INSERT INTO public.role_endpoint (id, rol_id, endpoint_id, is_active) VALUES (55, 1, 50, true);
INSERT INTO public.role_endpoint (id, rol_id, endpoint_id, is_active) VALUES (56, 1, 51, true);
INSERT INTO public.role_endpoint (id, rol_id, endpoint_id, is_active) VALUES (57, 2, 51, true);
INSERT INTO public.role_endpoint (id, rol_id, endpoint_id, is_active) VALUES (58, 2, 53, true);
INSERT INTO public.role_endpoint (id, rol_id, endpoint_id, is_active) VALUES (59, 2, 54, true);
