--
-- PostgreSQL database dump
--

-- Dumped from database version 15.10
-- Dumped by pg_dump version 15.10

SET statement_timeout = 0;
SET lock_timeout = 0;
SET idle_in_transaction_session_timeout = 0;
SET client_encoding = 'UTF8';
SET standard_conforming_strings = on;
SELECT pg_catalog.set_config('search_path', '', false);
SET check_function_bodies = false;
SET xmloption = content;
SET client_min_messages = warning;
SET row_security = off;

SET default_tablespace = '';

SET default_table_access_method = heap;

--
-- Name: address; Type: TABLE; Schema: public; Owner: admin
--

CREATE TABLE public.address (
    address_id bigint NOT NULL,
    user_id bigint,
    city character varying(255),
    country character varying(255),
    postal_code character varying(255),
    street character varying(255)
);


ALTER TABLE public.address OWNER TO admin;

--
-- Name: address_address_id_seq; Type: SEQUENCE; Schema: public; Owner: admin
--

ALTER TABLE public.address ALTER COLUMN address_id ADD GENERATED BY DEFAULT AS IDENTITY (
    SEQUENCE NAME public.address_address_id_seq
    START WITH 1
    INCREMENT BY 1
    NO MINVALUE
    NO MAXVALUE
    CACHE 1
);


--
-- Name: category; Type: TABLE; Schema: public; Owner: admin
--

CREATE TABLE public.category (
    is_active boolean DEFAULT true NOT NULL,
    category_id bigint NOT NULL,
    name character varying(100) NOT NULL,
    description text NOT NULL
);


ALTER TABLE public.category OWNER TO admin;

--
-- Name: category_category_id_seq; Type: SEQUENCE; Schema: public; Owner: admin
--

ALTER TABLE public.category ALTER COLUMN category_id ADD GENERATED BY DEFAULT AS IDENTITY (
    SEQUENCE NAME public.category_category_id_seq
    START WITH 1
    INCREMENT BY 1
    NO MINVALUE
    NO MAXVALUE
    CACHE 1
);


--
-- Name: databasechangelog; Type: TABLE; Schema: public; Owner: admin
--

CREATE TABLE public.databasechangelog (
    id character varying(255) NOT NULL,
    author character varying(255) NOT NULL,
    filename character varying(255) NOT NULL,
    dateexecuted timestamp without time zone NOT NULL,
    orderexecuted integer NOT NULL,
    exectype character varying(10) NOT NULL,
    md5sum character varying(35),
    description character varying(255),
    comments character varying(255),
    tag character varying(255),
    liquibase character varying(20),
    contexts character varying(255),
    labels character varying(255),
    deployment_id character varying(10)
);


ALTER TABLE public.databasechangelog OWNER TO admin;

--
-- Name: databasechangeloglock; Type: TABLE; Schema: public; Owner: admin
--

CREATE TABLE public.databasechangeloglock (
    id integer NOT NULL,
    locked boolean NOT NULL,
    lockgranted timestamp without time zone,
    lockedby character varying(255)
);


ALTER TABLE public.databasechangeloglock OWNER TO admin;

--
-- Name: endpoint; Type: TABLE; Schema: public; Owner: admin
--

CREATE TABLE public.endpoint (
    is_active boolean NOT NULL,
    is_public boolean NOT NULL,
    id bigint NOT NULL,
    base_path character varying(255) NOT NULL,
    dynamic_path character varying(255),
    http_method character varying(255) NOT NULL,
    method_name character varying(255) NOT NULL,
    url character varying(255) NOT NULL
);


ALTER TABLE public.endpoint OWNER TO admin;

--
-- Name: endpoint_id_seq; Type: SEQUENCE; Schema: public; Owner: admin
--

ALTER TABLE public.endpoint ALTER COLUMN id ADD GENERATED BY DEFAULT AS IDENTITY (
    SEQUENCE NAME public.endpoint_id_seq
    START WITH 1
    INCREMENT BY 1
    NO MINVALUE
    NO MAXVALUE
    CACHE 1
);


--
-- Name: order_item; Type: TABLE; Schema: public; Owner: admin
--

CREATE TABLE public.order_item (
    price_at_purchase numeric(38,2),
    quantity integer,
    order_id bigint,
    order_item_id bigint NOT NULL,
    product_id bigint
);


ALTER TABLE public.order_item OWNER TO admin;

--
-- Name: order_item_order_item_id_seq; Type: SEQUENCE; Schema: public; Owner: admin
--

ALTER TABLE public.order_item ALTER COLUMN order_item_id ADD GENERATED BY DEFAULT AS IDENTITY (
    SEQUENCE NAME public.order_item_order_item_id_seq
    START WITH 1
    INCREMENT BY 1
    NO MINVALUE
    NO MAXVALUE
    CACHE 1
);


--
-- Name: orders; Type: TABLE; Schema: public; Owner: admin
--

CREATE TABLE public.orders (
    total_amount numeric(38,2) NOT NULL,
    address_id bigint NOT NULL,
    created_at timestamp(6) without time zone,
    order_id bigint NOT NULL,
    user_id bigint,
    order_number character varying(255) NOT NULL,
    status character varying(255)
);


ALTER TABLE public.orders OWNER TO admin;

--
-- Name: orders_order_id_seq; Type: SEQUENCE; Schema: public; Owner: admin
--

ALTER TABLE public.orders ALTER COLUMN order_id ADD GENERATED BY DEFAULT AS IDENTITY (
    SEQUENCE NAME public.orders_order_id_seq
    START WITH 1
    INCREMENT BY 1
    NO MINVALUE
    NO MAXVALUE
    CACHE 1
);


--
-- Name: product; Type: TABLE; Schema: public; Owner: admin
--

CREATE TABLE public.product (
    active boolean,
    price numeric(38,2),
    stock_quantity integer,
    created_at timestamp(6) without time zone,
    product_id bigint NOT NULL,
    updated_at timestamp(6) without time zone,
    description text,
    name character varying(255)
);


ALTER TABLE public.product OWNER TO admin;

--
-- Name: product_category; Type: TABLE; Schema: public; Owner: admin
--

CREATE TABLE public.product_category (
    is_active boolean NOT NULL,
    category_id bigint NOT NULL,
    id bigint NOT NULL,
    product_id bigint NOT NULL
);


ALTER TABLE public.product_category OWNER TO admin;

--
-- Name: product_category_id_seq; Type: SEQUENCE; Schema: public; Owner: admin
--

ALTER TABLE public.product_category ALTER COLUMN id ADD GENERATED BY DEFAULT AS IDENTITY (
    SEQUENCE NAME public.product_category_id_seq
    START WITH 1
    INCREMENT BY 1
    NO MINVALUE
    NO MAXVALUE
    CACHE 1
);


--
-- Name: product_image; Type: TABLE; Schema: public; Owner: admin
--

CREATE TABLE public.product_image (
    id bigint NOT NULL,
    product_id bigint NOT NULL,
    extension character varying(255) NOT NULL,
    url text NOT NULL
);


ALTER TABLE public.product_image OWNER TO admin;

--
-- Name: product_image_id_seq; Type: SEQUENCE; Schema: public; Owner: admin
--

ALTER TABLE public.product_image ALTER COLUMN id ADD GENERATED BY DEFAULT AS IDENTITY (
    SEQUENCE NAME public.product_image_id_seq
    START WITH 1
    INCREMENT BY 1
    NO MINVALUE
    NO MAXVALUE
    CACHE 1
);


--
-- Name: product_product_id_seq; Type: SEQUENCE; Schema: public; Owner: admin
--

ALTER TABLE public.product ALTER COLUMN product_id ADD GENERATED BY DEFAULT AS IDENTITY (
    SEQUENCE NAME public.product_product_id_seq
    START WITH 1
    INCREMENT BY 1
    NO MINVALUE
    NO MAXVALUE
    CACHE 1
);


--
-- Name: review; Type: TABLE; Schema: public; Owner: admin
--

CREATE TABLE public.review (
    product_id bigint,
    rating bigint NOT NULL,
    review_id bigint NOT NULL,
    user_id bigint,
    comment text NOT NULL,
    title character varying(255) NOT NULL
);


ALTER TABLE public.review OWNER TO admin;

--
-- Name: review_review_id_seq; Type: SEQUENCE; Schema: public; Owner: admin
--

ALTER TABLE public.review ALTER COLUMN review_id ADD GENERATED BY DEFAULT AS IDENTITY (
    SEQUENCE NAME public.review_review_id_seq
    START WITH 1
    INCREMENT BY 1
    NO MINVALUE
    NO MAXVALUE
    CACHE 1
);


--
-- Name: role; Type: TABLE; Schema: public; Owner: admin
--

CREATE TABLE public.role (
    is_active boolean NOT NULL,
    id bigint NOT NULL,
    external_id character varying(255) NOT NULL,
    name character varying(255) NOT NULL
);


ALTER TABLE public.role OWNER TO admin;

--
-- Name: role_endpoint; Type: TABLE; Schema: public; Owner: admin
--

CREATE TABLE public.role_endpoint (
    is_active boolean NOT NULL,
    endpoint_id bigint NOT NULL,
    id bigint NOT NULL,
    rol_id bigint NOT NULL
);


ALTER TABLE public.role_endpoint OWNER TO admin;

--
-- Name: role_endpoint_id_seq; Type: SEQUENCE; Schema: public; Owner: admin
--

ALTER TABLE public.role_endpoint ALTER COLUMN id ADD GENERATED BY DEFAULT AS IDENTITY (
    SEQUENCE NAME public.role_endpoint_id_seq
    START WITH 1
    INCREMENT BY 1
    NO MINVALUE
    NO MAXVALUE
    CACHE 1
);


--
-- Name: role_id_seq; Type: SEQUENCE; Schema: public; Owner: admin
--

ALTER TABLE public.role ALTER COLUMN id ADD GENERATED BY DEFAULT AS IDENTITY (
    SEQUENCE NAME public.role_id_seq
    START WITH 1
    INCREMENT BY 1
    NO MINVALUE
    NO MAXVALUE
    CACHE 1
);


--
-- Name: users; Type: TABLE; Schema: public; Owner: admin
--

CREATE TABLE public.users (
    user_id bigint NOT NULL,
    email character varying(255) NOT NULL,
    first_name character varying(255) NOT NULL,
    keycloak_user_id character varying(255) NOT NULL,
    last_name character varying(255) NOT NULL,
    username character varying(255) NOT NULL
);


ALTER TABLE public.users OWNER TO admin;

--
-- Name: users_user_id_seq; Type: SEQUENCE; Schema: public; Owner: admin
--

ALTER TABLE public.users ALTER COLUMN user_id ADD GENERATED BY DEFAULT AS IDENTITY (
    SEQUENCE NAME public.users_user_id_seq
    START WITH 1
    INCREMENT BY 1
    NO MINVALUE
    NO MAXVALUE
    CACHE 1
);


--
-- Data for Name: address; Type: TABLE DATA; Schema: public; Owner: admin
--



--
-- Data for Name: category; Type: TABLE DATA; Schema: public; Owner: admin
--



--
-- Data for Name: databasechangelog; Type: TABLE DATA; Schema: public; Owner: admin
--

INSERT INTO public.databasechangelog (id, author, filename, dateexecuted, orderexecuted, exectype, md5sum, description, comments, tag, liquibase, contexts, labels, deployment_id) VALUES ('1736225493887-1', 'Francisco', 'db/changelog/2025/01/07-01-changelog.sql', '2025-01-07 01:58:38.609839', 1, 'EXECUTED', '9:cdcbd7ac8f7594a0399917ec7547ede3', 'sql', '', NULL, '4.29.2', NULL, NULL, '6225918552');
INSERT INTO public.databasechangelog (id, author, filename, dateexecuted, orderexecuted, exectype, md5sum, description, comments, tag, liquibase, contexts, labels, deployment_id) VALUES ('1736225493887-2', 'Francisco', 'db/changelog/2025/01/07-01-changelog.sql', '2025-01-07 01:58:38.639659', 2, 'EXECUTED', '9:7f9aba1e5ad3cfcbf90868a257b97359', 'sql', '', NULL, '4.29.2', NULL, NULL, '6225918552');
INSERT INTO public.databasechangelog (id, author, filename, dateexecuted, orderexecuted, exectype, md5sum, description, comments, tag, liquibase, contexts, labels, deployment_id) VALUES ('1736225493887-3', 'Francisco', 'db/changelog/2025/01/07-01-changelog.sql', '2025-01-07 01:58:38.657228', 3, 'EXECUTED', '9:551259292bf50621c922c45ceb541993', 'sql', '', NULL, '4.29.2', NULL, NULL, '6225918552');
INSERT INTO public.databasechangelog (id, author, filename, dateexecuted, orderexecuted, exectype, md5sum, description, comments, tag, liquibase, contexts, labels, deployment_id) VALUES ('1736225849246-1', 'Francisco', 'db/changelog/2025/01/07-02-changelog.sql', '2025-01-07 01:58:38.674963', 4, 'EXECUTED', '9:cdcbd7ac8f7594a0399917ec7547ede3', 'sql', '', NULL, '4.29.2', NULL, NULL, '6225918552');
INSERT INTO public.databasechangelog (id, author, filename, dateexecuted, orderexecuted, exectype, md5sum, description, comments, tag, liquibase, contexts, labels, deployment_id) VALUES ('1736225849246-2', 'Francisco', 'db/changelog/2025/01/07-02-changelog.sql', '2025-01-07 01:58:38.696262', 5, 'EXECUTED', '9:7f9aba1e5ad3cfcbf90868a257b97359', 'sql', '', NULL, '4.29.2', NULL, NULL, '6225918552');
INSERT INTO public.databasechangelog (id, author, filename, dateexecuted, orderexecuted, exectype, md5sum, description, comments, tag, liquibase, contexts, labels, deployment_id) VALUES ('1736225849246-3', 'Francisco', 'db/changelog/2025/01/07-02-changelog.sql', '2025-01-07 01:58:38.716229', 6, 'EXECUTED', '9:551259292bf50621c922c45ceb541993', 'sql', '', NULL, '4.29.2', NULL, NULL, '6225918552');
INSERT INTO public.databasechangelog (id, author, filename, dateexecuted, orderexecuted, exectype, md5sum, description, comments, tag, liquibase, contexts, labels, deployment_id) VALUES ('1736226693671-1', 'Francisco', 'db/changelog/2025/01/07-01-changelog.sql', '2025-01-07 02:12:43.055599', 7, 'EXECUTED', '9:cdcbd7ac8f7594a0399917ec7547ede3', 'sql', '', NULL, '4.29.2', NULL, NULL, '6226763019');
INSERT INTO public.databasechangelog (id, author, filename, dateexecuted, orderexecuted, exectype, md5sum, description, comments, tag, liquibase, contexts, labels, deployment_id) VALUES ('1736226693671-2', 'Francisco', 'db/changelog/2025/01/07-01-changelog.sql', '2025-01-07 02:12:43.074738', 8, 'EXECUTED', '9:7f9aba1e5ad3cfcbf90868a257b97359', 'sql', '', NULL, '4.29.2', NULL, NULL, '6226763019');
INSERT INTO public.databasechangelog (id, author, filename, dateexecuted, orderexecuted, exectype, md5sum, description, comments, tag, liquibase, contexts, labels, deployment_id) VALUES ('1736226693671-3', 'Francisco', 'db/changelog/2025/01/07-01-changelog.sql', '2025-01-07 02:12:43.092422', 9, 'EXECUTED', '9:551259292bf50621c922c45ceb541993', 'sql', '', NULL, '4.29.2', NULL, NULL, '6226763019');
INSERT INTO public.databasechangelog (id, author, filename, dateexecuted, orderexecuted, exectype, md5sum, description, comments, tag, liquibase, contexts, labels, deployment_id) VALUES ('1737093375306-1', 'Francisco', 'db/changelog/2025/01/17-01-changelog.sql', '2025-01-17 03:01:44.496934', 10, 'EXECUTED', '9:a76b7ae2716005866e311ecbea83ad8b', 'sql', '', NULL, '4.29.2', NULL, NULL, '7093704435');
INSERT INTO public.databasechangelog (id, author, filename, dateexecuted, orderexecuted, exectype, md5sum, description, comments, tag, liquibase, contexts, labels, deployment_id) VALUES ('1737093375306-2', 'Francisco', 'db/changelog/2025/01/17-01-changelog.sql', '2025-01-17 03:01:44.524923', 11, 'EXECUTED', '9:0819cf4863044c1ac9387aad69bf50f8', 'sql', '', NULL, '4.29.2', NULL, NULL, '7093704435');
INSERT INTO public.databasechangelog (id, author, filename, dateexecuted, orderexecuted, exectype, md5sum, description, comments, tag, liquibase, contexts, labels, deployment_id) VALUES ('1737093375306-3', 'Francisco', 'db/changelog/2025/01/17-01-changelog.sql', '2025-01-17 03:01:44.543796', 12, 'EXECUTED', '9:13b9caa34bf4807e249efb9063cd343b', 'sql', '', NULL, '4.29.2', NULL, NULL, '7093704435');
INSERT INTO public.databasechangelog (id, author, filename, dateexecuted, orderexecuted, exectype, md5sum, description, comments, tag, liquibase, contexts, labels, deployment_id) VALUES ('1737093375306-4', 'Francisco', 'db/changelog/2025/01/17-01-changelog.sql', '2025-01-17 03:01:44.559598', 13, 'EXECUTED', '9:16cc7e47c6b5a6d1c221cf0c9d9113a3', 'sql', '', NULL, '4.29.2', NULL, NULL, '7093704435');
INSERT INTO public.databasechangelog (id, author, filename, dateexecuted, orderexecuted, exectype, md5sum, description, comments, tag, liquibase, contexts, labels, deployment_id) VALUES ('1737093375306-5', 'Francisco', 'db/changelog/2025/01/17-01-changelog.sql', '2025-01-17 03:01:44.576615', 14, 'EXECUTED', '9:4cb0f14df2ed59f48a63a89dfb1e0d12', 'sql', '', NULL, '4.29.2', NULL, NULL, '7093704435');
INSERT INTO public.databasechangelog (id, author, filename, dateexecuted, orderexecuted, exectype, md5sum, description, comments, tag, liquibase, contexts, labels, deployment_id) VALUES ('1737093375306-6', 'Francisco', 'db/changelog/2025/01/17-01-changelog.sql', '2025-01-17 03:01:44.595259', 15, 'EXECUTED', '9:73e7ee47386eab3182f076a6d1d3706d', 'sql', '', NULL, '4.29.2', NULL, NULL, '7093704435');
INSERT INTO public.databasechangelog (id, author, filename, dateexecuted, orderexecuted, exectype, md5sum, description, comments, tag, liquibase, contexts, labels, deployment_id) VALUES ('1737312930881-4', 'Francisco', 'db/changelog/2025/01/19-01-changelog.sql', '2025-01-19 15:55:56.845857', 16, 'EXECUTED', '9:e04fe1371c8d3908d20eb9f0eae2d55c', 'sql', '', NULL, '4.29.2', NULL, NULL, '7312956810');
INSERT INTO public.databasechangelog (id, author, filename, dateexecuted, orderexecuted, exectype, md5sum, description, comments, tag, liquibase, contexts, labels, deployment_id) VALUES ('1737312930881-5', 'Francisco', 'db/changelog/2025/01/19-01-changelog.sql', '2025-01-19 15:55:56.862682', 17, 'EXECUTED', '9:0a0f891bb248653f5a5cf548e39f4c76', 'sql', '', NULL, '4.29.2', NULL, NULL, '7312956810');
INSERT INTO public.databasechangelog (id, author, filename, dateexecuted, orderexecuted, exectype, md5sum, description, comments, tag, liquibase, contexts, labels, deployment_id) VALUES ('1737312930881-1', 'Francisco', 'db/changelog/2025/01/19-01-changelog.sql', '2025-01-19 15:55:56.877497', 18, 'EXECUTED', '9:cdcbd7ac8f7594a0399917ec7547ede3', 'sql', '', NULL, '4.29.2', NULL, NULL, '7312956810');
INSERT INTO public.databasechangelog (id, author, filename, dateexecuted, orderexecuted, exectype, md5sum, description, comments, tag, liquibase, contexts, labels, deployment_id) VALUES ('1737312930881-2', 'Francisco', 'db/changelog/2025/01/19-01-changelog.sql', '2025-01-19 15:55:56.896318', 19, 'EXECUTED', '9:7f9aba1e5ad3cfcbf90868a257b97359', 'sql', '', NULL, '4.29.2', NULL, NULL, '7312956810');
INSERT INTO public.databasechangelog (id, author, filename, dateexecuted, orderexecuted, exectype, md5sum, description, comments, tag, liquibase, contexts, labels, deployment_id) VALUES ('1737312930881-3', 'Francisco', 'db/changelog/2025/01/19-01-changelog.sql', '2025-01-19 15:55:56.908699', 20, 'EXECUTED', '9:551259292bf50621c922c45ceb541993', 'sql', '', NULL, '4.29.2', NULL, NULL, '7312956810');
INSERT INTO public.databasechangelog (id, author, filename, dateexecuted, orderexecuted, exectype, md5sum, description, comments, tag, liquibase, contexts, labels, deployment_id) VALUES ('1738814926589-1', 'Francisco', 'db/changelog/2025/02/06-01-changelog.sql', '2025-02-06 01:09:20.535887', 21, 'EXECUTED', '9:fecc4904e047c7230b91c66984d7412e', 'sql', '', NULL, '4.29.2', NULL, NULL, '8814960486');
INSERT INTO public.databasechangelog (id, author, filename, dateexecuted, orderexecuted, exectype, md5sum, description, comments, tag, liquibase, contexts, labels, deployment_id) VALUES ('1738814926589-2', 'Francisco', 'db/changelog/2025/02/06-01-changelog.sql', '2025-02-06 01:10:34.63922', 22, 'EXECUTED', '9:db687cd9e7212685a9ac66ba2cb95a89', 'sql', '', NULL, '4.29.2', NULL, NULL, '8815034599');
INSERT INTO public.databasechangelog (id, author, filename, dateexecuted, orderexecuted, exectype, md5sum, description, comments, tag, liquibase, contexts, labels, deployment_id) VALUES ('1738814926589-4', 'Francisco', 'db/changelog/2025/02/06-01-changelog.sql', '2025-02-06 01:10:34.661061', 23, 'EXECUTED', '9:dabb9474dd0b73d084b2011cd1f0450d', 'sql', '', NULL, '4.29.2', NULL, NULL, '8815034599');
INSERT INTO public.databasechangelog (id, author, filename, dateexecuted, orderexecuted, exectype, md5sum, description, comments, tag, liquibase, contexts, labels, deployment_id) VALUES ('1738815214985-1', 'Francisco', 'db/changelog/2025/02/06-02-changelog.sql', '2025-02-06 01:13:59.118369', 24, 'EXECUTED', '9:e7013d9ee013d094efd4865c68409fab', 'sql', '', NULL, '4.29.2', NULL, NULL, '8815239074');
INSERT INTO public.databasechangelog (id, author, filename, dateexecuted, orderexecuted, exectype, md5sum, description, comments, tag, liquibase, contexts, labels, deployment_id) VALUES ('1738815214985-2', 'Francisco', 'db/changelog/2025/02/06-02-changelog.sql', '2025-02-06 01:13:59.140685', 25, 'EXECUTED', '9:72ab7ff2c1bb3829bb7c475682bb95f8', 'sql', '', NULL, '4.29.2', NULL, NULL, '8815239074');
INSERT INTO public.databasechangelog (id, author, filename, dateexecuted, orderexecuted, exectype, md5sum, description, comments, tag, liquibase, contexts, labels, deployment_id) VALUES ('1738870435920-1', 'Francisco', 'db/changelog/2025/02/06-01-changelog.sql', '2025-02-06 16:34:45.243832', 26, 'EXECUTED', '9:fecc4904e047c7230b91c66984d7412e', 'sql', '', NULL, '4.29.2', NULL, NULL, '8870485184');
INSERT INTO public.databasechangelog (id, author, filename, dateexecuted, orderexecuted, exectype, md5sum, description, comments, tag, liquibase, contexts, labels, deployment_id) VALUES ('1738870435920-2', 'Francisco', 'db/changelog/2025/02/06-01-changelog.sql', '2025-02-06 16:34:45.258646', 27, 'EXECUTED', '9:db687cd9e7212685a9ac66ba2cb95a89', 'sql', '', NULL, '4.29.2', NULL, NULL, '8870485184');


--
-- Data for Name: databasechangeloglock; Type: TABLE DATA; Schema: public; Owner: admin
--

INSERT INTO public.databasechangeloglock (id, locked, lockgranted, lockedby) VALUES (1, false, NULL, NULL);


--
-- Data for Name: endpoint; Type: TABLE DATA; Schema: public; Owner: admin
--

INSERT INTO public.endpoint (is_active, is_public, id, base_path, dynamic_path, http_method, method_name, url) VALUES (true, false, 1, 'products', '{id}/reviews', 'GET', 'getProductReviews', '/products/{id}/reviews');
INSERT INTO public.endpoint (is_active, is_public, id, base_path, dynamic_path, http_method, method_name, url) VALUES (true, false, 2, 'v3', 'api-docs.yaml', 'GET', 'openapiYaml', '/v3/api-docs.yaml');
INSERT INTO public.endpoint (is_active, is_public, id, base_path, dynamic_path, http_method, method_name, url) VALUES (true, false, 3, 'address', '{id}', 'PUT', 'updateAddress', '/address/{id}');
INSERT INTO public.endpoint (is_active, is_public, id, base_path, dynamic_path, http_method, method_name, url) VALUES (true, false, 4, 'category', NULL, 'POST', 'createCategory', '/category');
INSERT INTO public.endpoint (is_active, is_public, id, base_path, dynamic_path, http_method, method_name, url) VALUES (true, false, 5, 'products', '{id}', 'DELETE', 'deleteProduct', '/products/{id}');
INSERT INTO public.endpoint (is_active, is_public, id, base_path, dynamic_path, http_method, method_name, url) VALUES (true, false, 6, 'category', '{id}', 'GET', 'getCategoryById', '/category/{id}');
INSERT INTO public.endpoint (is_active, is_public, id, base_path, dynamic_path, http_method, method_name, url) VALUES (true, false, 7, 'category', 'search', 'POST', 'getAllCategories', '/category/search');
INSERT INTO public.endpoint (is_active, is_public, id, base_path, dynamic_path, http_method, method_name, url) VALUES (true, false, 8, 'products', '{id}/images', 'GET', 'getProductImages', '/products/{id}/images');
INSERT INTO public.endpoint (is_active, is_public, id, base_path, dynamic_path, http_method, method_name, url) VALUES (true, false, 9, 'reviews', NULL, 'POST', 'addReview', '/reviews');
INSERT INTO public.endpoint (is_active, is_public, id, base_path, dynamic_path, http_method, method_name, url) VALUES (true, false, 10, 'endpoints', '{id}', 'PUT', 'editEndpoint', '/endpoints/{id}');
INSERT INTO public.endpoint (is_active, is_public, id, base_path, dynamic_path, http_method, method_name, url) VALUES (true, false, 11, 'address', '{id}', 'DELETE', 'deleteAddress', '/address/{id}');
INSERT INTO public.endpoint (is_active, is_public, id, base_path, dynamic_path, http_method, method_name, url) VALUES (true, false, 12, 'products', NULL, 'POST', 'createNewProduct', '/products');
INSERT INTO public.endpoint (is_active, is_public, id, base_path, dynamic_path, http_method, method_name, url) VALUES (true, false, 13, 'category', '{id}', 'PUT', 'updateCategory', '/category/{id}');
INSERT INTO public.endpoint (is_active, is_public, id, base_path, dynamic_path, http_method, method_name, url) VALUES (true, false, 14, 'address', 'search', 'GET', 'getMyAddresses', '/address/search');
INSERT INTO public.endpoint (is_active, is_public, id, base_path, dynamic_path, http_method, method_name, url) VALUES (true, false, 15, 'orders', '{id}', 'GET', 'getSpecificOrder', '/orders/{id}');
INSERT INTO public.endpoint (is_active, is_public, id, base_path, dynamic_path, http_method, method_name, url) VALUES (true, false, 16, 'products', '{id}', 'GET', 'getProduct', '/products/{id}');
INSERT INTO public.endpoint (is_active, is_public, id, base_path, dynamic_path, http_method, method_name, url) VALUES (true, false, 17, 'products', '{id}/images', 'POST', 'addImagesToProduct', '/products/{id}/images');
INSERT INTO public.endpoint (is_active, is_public, id, base_path, dynamic_path, http_method, method_name, url) VALUES (true, false, 18, 'roles', '{id}/endpoints', 'POST', 'addEndpointToRole', '/roles/{id}/endpoints');
INSERT INTO public.endpoint (is_active, is_public, id, base_path, dynamic_path, http_method, method_name, url) VALUES (true, false, 19, 'orders', NULL, 'POST', 'addOrder', '/orders');
INSERT INTO public.endpoint (is_active, is_public, id, base_path, dynamic_path, http_method, method_name, url) VALUES (true, false, 20, 'category', '{id}', 'DELETE', 'deleteCategory', '/category/{id}');
INSERT INTO public.endpoint (is_active, is_public, id, base_path, dynamic_path, http_method, method_name, url) VALUES (true, false, 21, 'address', '{id}', 'GET', 'getAddressById', '/address/{id}');
INSERT INTO public.endpoint (is_active, is_public, id, base_path, dynamic_path, http_method, method_name, url) VALUES (true, false, 22, 'address', NULL, 'POST', 'createAddressForUser', '/address');
INSERT INTO public.endpoint (is_active, is_public, id, base_path, dynamic_path, http_method, method_name, url) VALUES (true, false, 23, 'products', '{id}', 'PUT', 'updateProduct', '/products/{id}');
INSERT INTO public.endpoint (is_active, is_public, id, base_path, dynamic_path, http_method, method_name, url) VALUES (true, false, 24, 'roles', 'sync', 'POST', 'syncKeycloakRoles', '/roles/sync');
INSERT INTO public.endpoint (is_active, is_public, id, base_path, dynamic_path, http_method, method_name, url) VALUES (true, false, 25, 'reviews', '{id}', 'DELETE', 'deleteMyReview', '/reviews/{id}');
INSERT INTO public.endpoint (is_active, is_public, id, base_path, dynamic_path, http_method, method_name, url) VALUES (true, false, 26, 'endpoints', 'sync', 'POST', 'syncEndpoints', '/endpoints/sync');
INSERT INTO public.endpoint (is_active, is_public, id, base_path, dynamic_path, http_method, method_name, url) VALUES (true, false, 27, 'products', 'search', 'POST', 'getAllProducts', '/products/search');
INSERT INTO public.endpoint (is_active, is_public, id, base_path, dynamic_path, http_method, method_name, url) VALUES (true, false, 28, 'backup', 'create', 'POST', 'createBackup', '/backup/create');
INSERT INTO public.endpoint (is_active, is_public, id, base_path, dynamic_path, http_method, method_name, url) VALUES (true, false, 29, 'reviews', '{id}', 'GET', 'getMyReview', '/reviews/{id}');
INSERT INTO public.endpoint (is_active, is_public, id, base_path, dynamic_path, http_method, method_name, url) VALUES (true, false, 30, 'orders', NULL, 'GET', 'getMyOrders', '/orders');


--
-- Data for Name: order_item; Type: TABLE DATA; Schema: public; Owner: admin
--



--
-- Data for Name: orders; Type: TABLE DATA; Schema: public; Owner: admin
--



--
-- Data for Name: product; Type: TABLE DATA; Schema: public; Owner: admin
--



--
-- Data for Name: product_category; Type: TABLE DATA; Schema: public; Owner: admin
--



--
-- Data for Name: product_image; Type: TABLE DATA; Schema: public; Owner: admin
--



--
-- Data for Name: review; Type: TABLE DATA; Schema: public; Owner: admin
--



--
-- Data for Name: role; Type: TABLE DATA; Schema: public; Owner: admin
--

INSERT INTO public.role (is_active, id, external_id, name) VALUES (true, 1, '843d9d89-e362-42bb-8cf5-889c47b0c70e', 'user');
INSERT INTO public.role (is_active, id, external_id, name) VALUES (true, 2, 'dad3ae27-d39e-4ed4-be7b-3e57edb1e32e', 'admin');
INSERT INTO public.role (is_active, id, external_id, name) VALUES (true, 3, 'dca9785b-6205-493a-885b-5fa36d772efa', 'uma_protection');


--
-- Data for Name: role_endpoint; Type: TABLE DATA; Schema: public; Owner: admin
--

INSERT INTO public.role_endpoint (is_active, endpoint_id, id, rol_id) VALUES (true, 1, 1, 2);
INSERT INTO public.role_endpoint (is_active, endpoint_id, id, rol_id) VALUES (true, 2, 2, 2);
INSERT INTO public.role_endpoint (is_active, endpoint_id, id, rol_id) VALUES (true, 3, 3, 2);
INSERT INTO public.role_endpoint (is_active, endpoint_id, id, rol_id) VALUES (true, 4, 4, 2);
INSERT INTO public.role_endpoint (is_active, endpoint_id, id, rol_id) VALUES (true, 5, 5, 2);
INSERT INTO public.role_endpoint (is_active, endpoint_id, id, rol_id) VALUES (true, 6, 6, 2);
INSERT INTO public.role_endpoint (is_active, endpoint_id, id, rol_id) VALUES (true, 7, 7, 2);
INSERT INTO public.role_endpoint (is_active, endpoint_id, id, rol_id) VALUES (true, 8, 8, 2);
INSERT INTO public.role_endpoint (is_active, endpoint_id, id, rol_id) VALUES (true, 9, 9, 2);
INSERT INTO public.role_endpoint (is_active, endpoint_id, id, rol_id) VALUES (true, 10, 10, 2);
INSERT INTO public.role_endpoint (is_active, endpoint_id, id, rol_id) VALUES (true, 11, 11, 2);
INSERT INTO public.role_endpoint (is_active, endpoint_id, id, rol_id) VALUES (true, 12, 12, 2);
INSERT INTO public.role_endpoint (is_active, endpoint_id, id, rol_id) VALUES (true, 13, 13, 2);
INSERT INTO public.role_endpoint (is_active, endpoint_id, id, rol_id) VALUES (true, 14, 14, 2);
INSERT INTO public.role_endpoint (is_active, endpoint_id, id, rol_id) VALUES (true, 15, 15, 2);
INSERT INTO public.role_endpoint (is_active, endpoint_id, id, rol_id) VALUES (true, 16, 16, 2);
INSERT INTO public.role_endpoint (is_active, endpoint_id, id, rol_id) VALUES (true, 17, 17, 2);
INSERT INTO public.role_endpoint (is_active, endpoint_id, id, rol_id) VALUES (true, 18, 18, 2);
INSERT INTO public.role_endpoint (is_active, endpoint_id, id, rol_id) VALUES (true, 19, 19, 2);
INSERT INTO public.role_endpoint (is_active, endpoint_id, id, rol_id) VALUES (true, 20, 20, 2);
INSERT INTO public.role_endpoint (is_active, endpoint_id, id, rol_id) VALUES (true, 21, 21, 2);
INSERT INTO public.role_endpoint (is_active, endpoint_id, id, rol_id) VALUES (true, 22, 22, 2);
INSERT INTO public.role_endpoint (is_active, endpoint_id, id, rol_id) VALUES (true, 23, 23, 2);
INSERT INTO public.role_endpoint (is_active, endpoint_id, id, rol_id) VALUES (true, 24, 24, 2);
INSERT INTO public.role_endpoint (is_active, endpoint_id, id, rol_id) VALUES (true, 25, 25, 2);
INSERT INTO public.role_endpoint (is_active, endpoint_id, id, rol_id) VALUES (true, 26, 26, 2);
INSERT INTO public.role_endpoint (is_active, endpoint_id, id, rol_id) VALUES (true, 27, 27, 2);
INSERT INTO public.role_endpoint (is_active, endpoint_id, id, rol_id) VALUES (true, 28, 28, 2);
INSERT INTO public.role_endpoint (is_active, endpoint_id, id, rol_id) VALUES (true, 29, 29, 2);
INSERT INTO public.role_endpoint (is_active, endpoint_id, id, rol_id) VALUES (true, 30, 30, 2);
INSERT INTO public.role_endpoint (is_active, endpoint_id, id, rol_id) VALUES (true, 1, 31, 1);
INSERT INTO public.role_endpoint (is_active, endpoint_id, id, rol_id) VALUES (true, 3, 32, 1);
INSERT INTO public.role_endpoint (is_active, endpoint_id, id, rol_id) VALUES (true, 6, 33, 1);
INSERT INTO public.role_endpoint (is_active, endpoint_id, id, rol_id) VALUES (true, 7, 34, 1);
INSERT INTO public.role_endpoint (is_active, endpoint_id, id, rol_id) VALUES (true, 8, 35, 1);
INSERT INTO public.role_endpoint (is_active, endpoint_id, id, rol_id) VALUES (true, 9, 36, 1);
INSERT INTO public.role_endpoint (is_active, endpoint_id, id, rol_id) VALUES (true, 11, 37, 1);
INSERT INTO public.role_endpoint (is_active, endpoint_id, id, rol_id) VALUES (true, 14, 38, 1);
INSERT INTO public.role_endpoint (is_active, endpoint_id, id, rol_id) VALUES (true, 15, 39, 1);
INSERT INTO public.role_endpoint (is_active, endpoint_id, id, rol_id) VALUES (true, 16, 40, 1);
INSERT INTO public.role_endpoint (is_active, endpoint_id, id, rol_id) VALUES (true, 19, 41, 1);
INSERT INTO public.role_endpoint (is_active, endpoint_id, id, rol_id) VALUES (true, 21, 42, 1);
INSERT INTO public.role_endpoint (is_active, endpoint_id, id, rol_id) VALUES (true, 22, 43, 1);
INSERT INTO public.role_endpoint (is_active, endpoint_id, id, rol_id) VALUES (true, 25, 44, 1);
INSERT INTO public.role_endpoint (is_active, endpoint_id, id, rol_id) VALUES (true, 27, 45, 1);
INSERT INTO public.role_endpoint (is_active, endpoint_id, id, rol_id) VALUES (true, 29, 46, 1);
INSERT INTO public.role_endpoint (is_active, endpoint_id, id, rol_id) VALUES (true, 30, 47, 1);


--
-- Data for Name: users; Type: TABLE DATA; Schema: public; Owner: admin
--


--
-- Name: address_address_id_seq; Type: SEQUENCE SET; Schema: public; Owner: admin
--

SELECT pg_catalog.setval('public.address_address_id_seq', 1, false);


--
-- Name: category_category_id_seq; Type: SEQUENCE SET; Schema: public; Owner: admin
--

SELECT pg_catalog.setval('public.category_category_id_seq', 1, false);


--
-- Name: endpoint_id_seq; Type: SEQUENCE SET; Schema: public; Owner: admin
--

SELECT pg_catalog.setval('public.endpoint_id_seq', 30, true);


--
-- Name: order_item_order_item_id_seq; Type: SEQUENCE SET; Schema: public; Owner: admin
--

SELECT pg_catalog.setval('public.order_item_order_item_id_seq', 1, false);


--
-- Name: orders_order_id_seq; Type: SEQUENCE SET; Schema: public; Owner: admin
--

SELECT pg_catalog.setval('public.orders_order_id_seq', 1, false);


--
-- Name: product_category_id_seq; Type: SEQUENCE SET; Schema: public; Owner: admin
--

SELECT pg_catalog.setval('public.product_category_id_seq', 1, false);


--
-- Name: product_image_id_seq; Type: SEQUENCE SET; Schema: public; Owner: admin
--

SELECT pg_catalog.setval('public.product_image_id_seq', 1, false);


--
-- Name: product_product_id_seq; Type: SEQUENCE SET; Schema: public; Owner: admin
--

SELECT pg_catalog.setval('public.product_product_id_seq', 1, false);


--
-- Name: review_review_id_seq; Type: SEQUENCE SET; Schema: public; Owner: admin
--

SELECT pg_catalog.setval('public.review_review_id_seq', 1, false);


--
-- Name: role_endpoint_id_seq; Type: SEQUENCE SET; Schema: public; Owner: admin
--

SELECT pg_catalog.setval('public.role_endpoint_id_seq', 47, true);


--
-- Name: role_id_seq; Type: SEQUENCE SET; Schema: public; Owner: admin
--

SELECT pg_catalog.setval('public.role_id_seq', 3, true);


--
-- Name: users_user_id_seq; Type: SEQUENCE SET; Schema: public; Owner: admin
--

SELECT pg_catalog.setval('public.users_user_id_seq', 1, true);


--
-- Name: address address_pkey; Type: CONSTRAINT; Schema: public; Owner: admin
--

ALTER TABLE ONLY public.address
    ADD CONSTRAINT address_pkey PRIMARY KEY (address_id);


--
-- Name: category category_pkey; Type: CONSTRAINT; Schema: public; Owner: admin
--

ALTER TABLE ONLY public.category
    ADD CONSTRAINT category_pkey PRIMARY KEY (category_id);


--
-- Name: databasechangeloglock databasechangeloglock_pkey; Type: CONSTRAINT; Schema: public; Owner: admin
--

ALTER TABLE ONLY public.databasechangeloglock
    ADD CONSTRAINT databasechangeloglock_pkey PRIMARY KEY (id);


--
-- Name: endpoint endpoint_pkey; Type: CONSTRAINT; Schema: public; Owner: admin
--

ALTER TABLE ONLY public.endpoint
    ADD CONSTRAINT endpoint_pkey PRIMARY KEY (id);


--
-- Name: order_item order_item_pkey; Type: CONSTRAINT; Schema: public; Owner: admin
--

ALTER TABLE ONLY public.order_item
    ADD CONSTRAINT order_item_pkey PRIMARY KEY (order_item_id);


--
-- Name: orders orders_order_number_key; Type: CONSTRAINT; Schema: public; Owner: admin
--

ALTER TABLE ONLY public.orders
    ADD CONSTRAINT orders_order_number_key UNIQUE (order_number);


--
-- Name: orders orders_pkey; Type: CONSTRAINT; Schema: public; Owner: admin
--

ALTER TABLE ONLY public.orders
    ADD CONSTRAINT orders_pkey PRIMARY KEY (order_id);


--
-- Name: product_category product_category_pkey; Type: CONSTRAINT; Schema: public; Owner: admin
--

ALTER TABLE ONLY public.product_category
    ADD CONSTRAINT product_category_pkey PRIMARY KEY (id);


--
-- Name: product_image product_image_pkey; Type: CONSTRAINT; Schema: public; Owner: admin
--

ALTER TABLE ONLY public.product_image
    ADD CONSTRAINT product_image_pkey PRIMARY KEY (id);


--
-- Name: product product_pkey; Type: CONSTRAINT; Schema: public; Owner: admin
--

ALTER TABLE ONLY public.product
    ADD CONSTRAINT product_pkey PRIMARY KEY (product_id);


--
-- Name: review review_pkey; Type: CONSTRAINT; Schema: public; Owner: admin
--

ALTER TABLE ONLY public.review
    ADD CONSTRAINT review_pkey PRIMARY KEY (review_id);


--
-- Name: role_endpoint role_endpoint_pkey; Type: CONSTRAINT; Schema: public; Owner: admin
--

ALTER TABLE ONLY public.role_endpoint
    ADD CONSTRAINT role_endpoint_pkey PRIMARY KEY (id);


--
-- Name: role role_external_id_key; Type: CONSTRAINT; Schema: public; Owner: admin
--

ALTER TABLE ONLY public.role
    ADD CONSTRAINT role_external_id_key UNIQUE (external_id);


--
-- Name: role role_pkey; Type: CONSTRAINT; Schema: public; Owner: admin
--

ALTER TABLE ONLY public.role
    ADD CONSTRAINT role_pkey PRIMARY KEY (id);


--
-- Name: users users_email_key; Type: CONSTRAINT; Schema: public; Owner: admin
--

ALTER TABLE ONLY public.users
    ADD CONSTRAINT users_email_key UNIQUE (email);


--
-- Name: users users_keycloak_user_id_key; Type: CONSTRAINT; Schema: public; Owner: admin
--

ALTER TABLE ONLY public.users
    ADD CONSTRAINT users_keycloak_user_id_key UNIQUE (keycloak_user_id);


--
-- Name: users users_pkey; Type: CONSTRAINT; Schema: public; Owner: admin
--

ALTER TABLE ONLY public.users
    ADD CONSTRAINT users_pkey PRIMARY KEY (user_id);


--
-- Name: users users_username_key; Type: CONSTRAINT; Schema: public; Owner: admin
--

ALTER TABLE ONLY public.users
    ADD CONSTRAINT users_username_key UNIQUE (username);


--
-- Name: product_category fk2k3smhbruedlcrvu6clued06x; Type: FK CONSTRAINT; Schema: public; Owner: admin
--

ALTER TABLE ONLY public.product_category
    ADD CONSTRAINT fk2k3smhbruedlcrvu6clued06x FOREIGN KEY (product_id) REFERENCES public.product(product_id);


--
-- Name: role_endpoint fk2ktwi0uucykp6a896gcco2moq; Type: FK CONSTRAINT; Schema: public; Owner: admin
--

ALTER TABLE ONLY public.role_endpoint
    ADD CONSTRAINT fk2ktwi0uucykp6a896gcco2moq FOREIGN KEY (endpoint_id) REFERENCES public.endpoint(id);


--
-- Name: orders fk32ql8ubntj5uh44ph9659tiih; Type: FK CONSTRAINT; Schema: public; Owner: admin
--

ALTER TABLE ONLY public.orders
    ADD CONSTRAINT fk32ql8ubntj5uh44ph9659tiih FOREIGN KEY (user_id) REFERENCES public.users(user_id);


--
-- Name: order_item fk551losx9j75ss5d6bfsqvijna; Type: FK CONSTRAINT; Schema: public; Owner: admin
--

ALTER TABLE ONLY public.order_item
    ADD CONSTRAINT fk551losx9j75ss5d6bfsqvijna FOREIGN KEY (product_id) REFERENCES public.product(product_id);


--
-- Name: review fk6cpw2nlklblpvc7hyt7ko6v3e; Type: FK CONSTRAINT; Schema: public; Owner: admin
--

ALTER TABLE ONLY public.review
    ADD CONSTRAINT fk6cpw2nlklblpvc7hyt7ko6v3e FOREIGN KEY (user_id) REFERENCES public.users(user_id);


--
-- Name: address fk6i66ijb8twgcqtetl8eeeed6v; Type: FK CONSTRAINT; Schema: public; Owner: admin
--

ALTER TABLE ONLY public.address
    ADD CONSTRAINT fk6i66ijb8twgcqtetl8eeeed6v FOREIGN KEY (user_id) REFERENCES public.users(user_id);


--
-- Name: product_image fk6oo0cvcdtb6qmwsga468uuukk; Type: FK CONSTRAINT; Schema: public; Owner: admin
--

ALTER TABLE ONLY public.product_image
    ADD CONSTRAINT fk6oo0cvcdtb6qmwsga468uuukk FOREIGN KEY (product_id) REFERENCES public.product(product_id);


--
-- Name: role_endpoint fk8ndem3qkja9b67xl9rfddmnhm; Type: FK CONSTRAINT; Schema: public; Owner: admin
--

ALTER TABLE ONLY public.role_endpoint
    ADD CONSTRAINT fk8ndem3qkja9b67xl9rfddmnhm FOREIGN KEY (rol_id) REFERENCES public.role(id);


--
-- Name: orders fkf5464gxwc32ongdvka2rtvw96; Type: FK CONSTRAINT; Schema: public; Owner: admin
--

ALTER TABLE ONLY public.orders
    ADD CONSTRAINT fkf5464gxwc32ongdvka2rtvw96 FOREIGN KEY (address_id) REFERENCES public.address(address_id);


--
-- Name: review fkiyof1sindb9qiqr9o8npj8klt; Type: FK CONSTRAINT; Schema: public; Owner: admin
--

ALTER TABLE ONLY public.review
    ADD CONSTRAINT fkiyof1sindb9qiqr9o8npj8klt FOREIGN KEY (product_id) REFERENCES public.product(product_id);


--
-- Name: product_category fkkud35ls1d40wpjb5htpp14q4e; Type: FK CONSTRAINT; Schema: public; Owner: admin
--

ALTER TABLE ONLY public.product_category
    ADD CONSTRAINT fkkud35ls1d40wpjb5htpp14q4e FOREIGN KEY (category_id) REFERENCES public.category(category_id);


--
-- Name: order_item fkt4dc2r9nbvbujrljv3e23iibt; Type: FK CONSTRAINT; Schema: public; Owner: admin
--

ALTER TABLE ONLY public.order_item
    ADD CONSTRAINT fkt4dc2r9nbvbujrljv3e23iibt FOREIGN KEY (order_id) REFERENCES public.orders(order_id);


--
-- PostgreSQL database dump complete
--

